{
  "base": {
    "municipality": "purmerend",
    "map": {
      "center": [
        52.3731081,
        4.8932945
      ],
      "maxBounds": [
        [
          52.25168,
          4.64034
        ],
        [
          52.50536,
          5.10737
        ]
      ]
    }
  }
}